ADOLFO ALSINA,1
NRO,AGRUPACION POLITICA,DIPUTADO NACIONAL,DIPUTADO PROVINCIAL,CARGOS MUNICIPALES
501,AZA.+ VALORES,3,,
503,AZA.AVANZA LIBERTAD,17,15,
504,FTE. DE IZQUIERDA  Y DE TRAB.-UNIDAD,5,5,
506,AZA.JUNTOS,125,126,136
507,FRENTE DE TODOS,59,57,65
508,FRENTE VAMOS CON VOS,31,32,39
,VOTOS NULOS,4,4,4
,VOTOS RECURRIDOS,0,0,0
,VOTOS IMPUGNADOS,0,0,0
,VOTOS EN BLANCO,20,25,20
,TOTALES,264,264,264
ADOLFO ALSINA,2
NRO,AGRUPACION POLITICA,DIPUTADO NACIONAL,DIPUTADO PROVINCIAL,CARGOS MUNICIPALES
501,AZA.+ VALORES,8,,
503,AZA.AVANZA LIBERTAD,6,7,
504,FTE. DE IZQUIERDA  Y DE TRAB.-UNIDAD,4,4,
506,AZA.JUNTOS,169,170,168
507,FRENTE DE TODOS,43,43,48
508,FRENTE VAMOS CON VOS,30,29,32
,VOTOS NULOS,3,3,1
,VOTOS RECURRIDOS,0,0,0
,VOTOS IMPUGNADOS,0,0,0
,VOTOS EN BLANCO,8,15,22
,TOTALES,271,271,271
ADOLFO ALSINA,3
NRO,AGRUPACION POLITICA,DIPUTADO NACIONAL,DIPUTADO PROVINCIAL,CARGOS MUNICIPALES
501,AZA.+ VALORES,4,,
503,AZA.AVANZA LIBERTAD,5,6,
504,FTE. DE IZQUIERDA  Y DE TRAB.-UNIDAD,4,7,
506,AZA.JUNTOS,148,146,145
507,FRENTE DE TODOS,49,45,49
508,FRENTE VAMOS CON VOS,26,26,31
,VOTOS NULOS,3,3,3
,VOTOS RECURRIDOS,0,0,0
,VOTOS IMPUGNADOS,0,0,0
,VOTOS EN BLANCO,6,12,17
,TOTALES,245,245,245
ADOLFO ALSINA,4
NRO,AGRUPACION POLITICA,DIPUTADO NACIONAL,DIPUTADO PROVINCIAL,CARGOS MUNICIPALES
501,AZA.+ VALORES,2,,
503,AZA.AVANZA LIBERTAD,10,11,
504,FTE. DE IZQUIERDA  Y DE TRAB.-UNIDAD,8,9,
506,AZA.JUNTOS,153,151,153
507,FRENTE DE TODOS,50,50,45
508,FRENTE VAMOS CON VOS,19,19,26
,VOTOS NULOS,0,0,0
,VOTOS RECURRIDOS,0,0,0
,VOTOS IMPUGNADOS,0,0,0
,VOTOS EN BLANCO,15,17,33
,TOTALES,257,257,257
ADOLFO ALSINA,5
NRO,AGRUPACION POLITICA,DIPUTADO NACIONAL,DIPUTADO PROVINCIAL,CARGOS MUNICIPALES
501,AZA.+ VALORES,5,,
503,AZA.AVANZA LIBERTAD,8,9,
504,FTE. DE IZQUIERDA  Y DE TRAB.-UNIDAD,6,6,
506,AZA.JUNTOS,105,103,102
507,FRENTE DE TODOS,70,71,76
508,FRENTE VAMOS CON VOS,23,22,29
,VOTOS NULOS,0,0,0
,VOTOS RECURRIDOS,0,0,0
,VOTOS IMPUGNADOS,0,0,0
,VOTOS EN BLANCO,26,32,36
,TOTALES,243,243,243
ADOLFO ALSINA,6
NRO,AGRUPACION POLITICA,DIPUTADO NACIONAL,DIPUTADO PROVINCIAL,CARGOS MUNICIPALES
501,AZA.+ VALORES,4,,
503,AZA.AVANZA LIBERTAD,10,10,
504,FTE. DE IZQUIERDA  Y DE TRAB.-UNIDAD,3,3,
506,AZA.JUNTOS,129,129,126
507,FRENTE DE TODOS,58,58,58
508,FRENTE VAMOS CON VOS,15,14,21
,VOTOS NULOS,0,0,0
,VOTOS RECURRIDOS,0,0,0
,VOTOS IMPUGNADOS,0,0,0
,VOTOS EN BLANCO,10,15,24
,TOTALES,229,229,229
ADOLFO ALSINA,7
NRO,AGRUPACION POLITICA,DIPUTADO NACIONAL,DIPUTADO PROVINCIAL,CARGOS MUNICIPALES
501,AZA.+ VALORES,4,,
503,AZA.AVANZA LIBERTAD,9,9,
504,FTE. DE IZQUIERDA  Y DE TRAB.-UNIDAD,10,9,
506,AZA.JUNTOS,124,123,123
507,FRENTE DE TODOS,69,67,71
508,FRENTE VAMOS CON VOS,25,26,33
,VOTOS NULOS,4,4,4
,VOTOS RECURRIDOS,0,0,0
,VOTOS IMPUGNADOS,0,0,0
,VOTOS EN BLANCO,12,19,26
,TOTALES,257,257,257
ADOLFO ALSINA,8
NRO,AGRUPACION POLITICA,DIPUTADO NACIONAL,DIPUTADO PROVINCIAL,CARGOS MUNICIPALES
501,AZA.+ VALORES,5,,
503,AZA.AVANZA LIBERTAD,10,10,
504,FTE. DE IZQUIERDA  Y DE TRAB.-UNIDAD,5,5,
506,AZA.JUNTOS,130,129,121
507,FRENTE DE TODOS,63,61,73
508,FRENTE VAMOS CON VOS,21,20,28
,VOTOS NULOS,0,0,0
,VOTOS RECURRIDOS,0,0,0
,VOTOS IMPUGNADOS,0,0,0
,VOTOS EN BLANCO,17,26,29
,TOTALES,251,251,251
ADOLFO ALSINA,9
NRO,AGRUPACION POLITICA,DIPUTADO NACIONAL,DIPUTADO PROVINCIAL,CARGOS MUNICIPALES
501,AZA.+ VALORES,2,,
503,AZA.AVANZA LIBERTAD,5,6,
504,FTE. DE IZQUIERDA  Y DE TRAB.-UNIDAD,24,22,
506,AZA.JUNTOS,116,115,118
507,FRENTE DE TODOS,50,51,59
508,FRENTE VAMOS CON VOS,17,16,20
,VOTOS NULOS,0,0,0
,VOTOS RECURRIDOS,0,0,0
,VOTOS IMPUGNADOS,0,0,0
,VOTOS EN BLANCO,26,30,43
,TOTALES,240,240,240
ADOLFO ALSINA,10
NRO,AGRUPACION POLITICA,DIPUTADO NACIONAL,DIPUTADO PROVINCIAL,CARGOS MUNICIPALES
501,AZA.+ VALORES,4,,
503,AZA.AVANZA LIBERTAD,9,8,
504,FTE. DE IZQUIERDA  Y DE TRAB.-UNIDAD,9,8,
506,AZA.JUNTOS,141,141,137
507,FRENTE DE TODOS,48,46,47
508,FRENTE VAMOS CON VOS,21,22,35
,VOTOS NULOS,0,0,0
,VOTOS RECURRIDOS,0,0,0
,VOTOS IMPUGNADOS,0,0,0
,VOTOS EN BLANCO,11,18,24
,TOTALES,243,243,243
ADOLFO ALSINA,11
NRO,AGRUPACION POLITICA,DIPUTADO NACIONAL,DIPUTADO PROVINCIAL,CARGOS MUNICIPALES
501,AZA.+ VALORES,4,,
503,AZA.AVANZA LIBERTAD,14,14,
504,FTE. DE IZQUIERDA  Y DE TRAB.-UNIDAD,6,8,
506,AZA.JUNTOS,135,132,124
507,FRENTE DE TODOS,64,63,68
508,FRENTE VAMOS CON VOS,29,28,40
,VOTOS NULOS,0,0,0
,VOTOS RECURRIDOS,0,0,0
,VOTOS IMPUGNADOS,0,0,0
,VOTOS EN BLANCO,14,21,34
,TOTALES,266,266,266
ADOLFO ALSINA,12
NRO,AGRUPACION POLITICA,DIPUTADO NACIONAL,DIPUTADO PROVINCIAL,CARGOS MUNICIPALES
501,AZA.+ VALORES,3,,
503,AZA.AVANZA LIBERTAD,12,11,
504,FTE. DE IZQUIERDA  Y DE TRAB.-UNIDAD,4,4,
506,AZA.JUNTOS,123,123,123
507,FRENTE DE TODOS,63,64,62
508,FRENTE VAMOS CON VOS,23,23,31
,VOTOS NULOS,9,9,9
,VOTOS RECURRIDOS,0,0,0
,VOTOS IMPUGNADOS,0,0,0
,VOTOS EN BLANCO,10,13,22
,TOTALES,247,247,247
ADOLFO ALSINA,13
NRO,AGRUPACION POLITICA,DIPUTADO NACIONAL,DIPUTADO PROVINCIAL,CARGOS MUNICIPALES
501,AZA.+ VALORES,5,,
503,AZA.AVANZA LIBERTAD,13,14,
504,FTE. DE IZQUIERDA  Y DE TRAB.-UNIDAD,4,4,
506,AZA.JUNTOS,149,149,150
507,FRENTE DE TODOS,41,44,45
508,FRENTE VAMOS CON VOS,22,23,29
,VOTOS NULOS,2,1,1
,VOTOS RECURRIDOS,0,0,0
,VOTOS IMPUGNADOS,0,0,0
,VOTOS EN BLANCO,10,11,21
,TOTALES,246,246,246
ADOLFO ALSINA,14
NRO,AGRUPACION POLITICA,DIPUTADO NACIONAL,DIPUTADO PROVINCIAL,CARGOS MUNICIPALES
501,AZA.+ VALORES,5,,
503,AZA.AVANZA LIBERTAD,13,11,
504,FTE. DE IZQUIERDA  Y DE TRAB.-UNIDAD,7,6,
506,AZA.JUNTOS,148,146,153
507,FRENTE DE TODOS,50,50,52
508,FRENTE VAMOS CON VOS,23,25,27
,VOTOS NULOS,0,0,0
,VOTOS RECURRIDOS,0,0,0
,VOTOS IMPUGNADOS,0,0,0
,VOTOS EN BLANCO,15,23,29
,TOTALES,261,261,261
ADOLFO ALSINA,15
NRO,AGRUPACION POLITICA,DIPUTADO NACIONAL,DIPUTADO PROVINCIAL,CARGOS MUNICIPALES
501,AZA.+ VALORES,6,,
503,AZA.AVANZA LIBERTAD,8,5,
504,FTE. DE IZQUIERDA  Y DE TRAB.-UNIDAD,2,3,
506,AZA.JUNTOS,139,141,133
507,FRENTE DE TODOS,48,50,52
508,FRENTE VAMOS CON VOS,30,30,38
,VOTOS NULOS,2,2,2
,VOTOS RECURRIDOS,0,0,0
,VOTOS IMPUGNADOS,0,0,0
,VOTOS EN BLANCO,15,19,25
,TOTALES,250,250,250
ADOLFO ALSINA,16
NRO,AGRUPACION POLITICA,DIPUTADO NACIONAL,DIPUTADO PROVINCIAL,CARGOS MUNICIPALES
501,AZA.+ VALORES,6,,
503,AZA.AVANZA LIBERTAD,17,15,
504,FTE. DE IZQUIERDA  Y DE TRAB.-UNIDAD,4,4,
506,AZA.JUNTOS,143,144,153
507,FRENTE DE TODOS,48,46,45
508,FRENTE VAMOS CON VOS,23,23,30
,VOTOS NULOS,0,0,0
,VOTOS RECURRIDOS,0,0,0
,VOTOS IMPUGNADOS,0,0,0
,VOTOS EN BLANCO,12,21,25
,TOTALES,253,253,253
ADOLFO ALSINA,17
NRO,AGRUPACION POLITICA,DIPUTADO NACIONAL,DIPUTADO PROVINCIAL,CARGOS MUNICIPALES
501,AZA.+ VALORES,4,,
503,AZA.AVANZA LIBERTAD,12,10,
504,FTE. DE IZQUIERDA  Y DE TRAB.-UNIDAD,7,7,
506,AZA.JUNTOS,149,149,151
507,FRENTE DE TODOS,45,46,41
508,FRENTE VAMOS CON VOS,21,21,24
,VOTOS NULOS,5,5,5
,VOTOS RECURRIDOS,0,0,0
,VOTOS IMPUGNADOS,0,0,0
,VOTOS EN BLANCO,4,9,26
,TOTALES,247,247,247
ADOLFO ALSINA,18
NRO,AGRUPACION POLITICA,DIPUTADO NACIONAL,DIPUTADO PROVINCIAL,CARGOS MUNICIPALES
501,AZA.+ VALORES,8,,
503,AZA.AVANZA LIBERTAD,19,19,
504,FTE. DE IZQUIERDA  Y DE TRAB.-UNIDAD,6,6,
506,AZA.JUNTOS,135,134,131
507,FRENTE DE TODOS,57,57,62
508,FRENTE VAMOS CON VOS,20,20,23
,VOTOS NULOS,0,0,0
,VOTOS RECURRIDOS,0,0,0
,VOTOS IMPUGNADOS,0,0,0
,VOTOS EN BLANCO,10,19,39
,TOTALES,255,255,255
ADOLFO ALSINA,19
NRO,AGRUPACION POLITICA,DIPUTADO NACIONAL,DIPUTADO PROVINCIAL,CARGOS MUNICIPALES
501,AZA.+ VALORES,2,,
503,AZA.AVANZA LIBERTAD,5,5,
504,FTE. DE IZQUIERDA  Y DE TRAB.-UNIDAD,4,4,
506,AZA.JUNTOS,147,147,146
507,FRENTE DE TODOS,57,57,58
508,FRENTE VAMOS CON VOS,28,29,33
,VOTOS NULOS,0,0,0
,VOTOS RECURRIDOS,0,0,0
,VOTOS IMPUGNADOS,0,0,0
,VOTOS EN BLANCO,16,17,22
,TOTALES,259,259,259
ADOLFO ALSINA,20
NRO,AGRUPACION POLITICA,DIPUTADO NACIONAL,DIPUTADO PROVINCIAL,CARGOS MUNICIPALES
501,AZA.+ VALORES,3,,
503,AZA.AVANZA LIBERTAD,13,12,
504,FTE. DE IZQUIERDA  Y DE TRAB.-UNIDAD,7,7,
506,AZA.JUNTOS,144,145,144
507,FRENTE DE TODOS,61,59,60
508,FRENTE VAMOS CON VOS,17,15,23
,VOTOS NULOS,0,0,0
,VOTOS RECURRIDOS,0,0,0
,VOTOS IMPUGNADOS,0,0,0
,VOTOS EN BLANCO,13,20,31
,TOTALES,258,258,258
ADOLFO ALSINA,21
NRO,AGRUPACION POLITICA,DIPUTADO NACIONAL,DIPUTADO PROVINCIAL,CARGOS MUNICIPALES
501,AZA.+ VALORES,5,,
503,AZA.AVANZA LIBERTAD,10,9,
504,FTE. DE IZQUIERDA  Y DE TRAB.-UNIDAD,4,4,
506,AZA.JUNTOS,136,136,139
507,FRENTE DE TODOS,59,60,61
508,FRENTE VAMOS CON VOS,24,25,26
,VOTOS NULOS,0,0,0
,VOTOS RECURRIDOS,0,0,0
,VOTOS IMPUGNADOS,0,0,0
,VOTOS EN BLANCO,19,23,31
,TOTALES,257,257,257
ADOLFO ALSINA,22
NRO,AGRUPACION POLITICA,DIPUTADO NACIONAL,DIPUTADO PROVINCIAL,CARGOS MUNICIPALES
501,AZA.+ VALORES,1,,
503,AZA.AVANZA LIBERTAD,15,15,
504,FTE. DE IZQUIERDA  Y DE TRAB.-UNIDAD,9,10,
506,AZA.JUNTOS,139,139,141
507,FRENTE DE TODOS,60,61,67
508,FRENTE VAMOS CON VOS,18,18,20
,VOTOS NULOS,0,0,0
,VOTOS RECURRIDOS,0,0,0
,VOTOS IMPUGNADOS,0,0,0
,VOTOS EN BLANCO,15,14,29
,TOTALES,257,257,257
ADOLFO ALSINA,23
NRO,AGRUPACION POLITICA,DIPUTADO NACIONAL,DIPUTADO PROVINCIAL,CARGOS MUNICIPALES
501,AZA.+ VALORES,5,,
503,AZA.AVANZA LIBERTAD,15,13,
504,FTE. DE IZQUIERDA  Y DE TRAB.-UNIDAD,3,2,
506,AZA.JUNTOS,128,131,125
507,FRENTE DE TODOS,50,49,52
508,FRENTE VAMOS CON VOS,33,32,37
,VOTOS NULOS,0,0,0
,VOTOS RECURRIDOS,0,0,0
,VOTOS IMPUGNADOS,0,0,0
,VOTOS EN BLANCO,12,19,32
,TOTALES,246,246,246
ADOLFO ALSINA,24
NRO,AGRUPACION POLITICA,DIPUTADO NACIONAL,DIPUTADO PROVINCIAL,CARGOS MUNICIPALES
501,AZA.+ VALORES,1,,
503,AZA.AVANZA LIBERTAD,13,14,
504,FTE. DE IZQUIERDA  Y DE TRAB.-UNIDAD,12,12,
506,AZA.JUNTOS,139,138,141
507,FRENTE DE TODOS,51,52,54
508,FRENTE VAMOS CON VOS,19,18,29
,VOTOS NULOS,0,0,0
,VOTOS RECURRIDOS,0,0,0
,VOTOS IMPUGNADOS,0,0,0
,VOTOS EN BLANCO,18,19,29
,TOTALES,253,253,253
ADOLFO ALSINA,25
NRO,AGRUPACION POLITICA,DIPUTADO NACIONAL,DIPUTADO PROVINCIAL,CARGOS MUNICIPALES
501,AZA.+ VALORES,2,,
503,AZA.AVANZA LIBERTAD,14,14,
504,FTE. DE IZQUIERDA  Y DE TRAB.-UNIDAD,7,7,
506,AZA.JUNTOS,142,142,137
507,FRENTE DE TODOS,56,56,62
508,FRENTE VAMOS CON VOS,17,17,23
,VOTOS NULOS,1,1,1
,VOTOS RECURRIDOS,0,0,0
,VOTOS IMPUGNADOS,0,0,0
,VOTOS EN BLANCO,14,16,30
,TOTALES,253,253,253
ADOLFO ALSINA,26
NRO,AGRUPACION POLITICA,DIPUTADO NACIONAL,DIPUTADO PROVINCIAL,CARGOS MUNICIPALES
501,AZA.+ VALORES,4,,
503,AZA.AVANZA LIBERTAD,14,13,
504,FTE. DE IZQUIERDA  Y DE TRAB.-UNIDAD,4,4,
506,AZA.JUNTOS,146,144,147
507,FRENTE DE TODOS,61,60,67
508,FRENTE VAMOS CON VOS,15,15,16
,VOTOS NULOS,4,4,4
,VOTOS RECURRIDOS,0,0,0
,VOTOS IMPUGNADOS,0,0,0
,VOTOS EN BLANCO,5,13,19
,TOTALES,253,253,253
ADOLFO ALSINA,27
NRO,AGRUPACION POLITICA,DIPUTADO NACIONAL,DIPUTADO PROVINCIAL,CARGOS MUNICIPALES
501,AZA.+ VALORES,1,,
503,AZA.AVANZA LIBERTAD,4,4,
504,FTE. DE IZQUIERDA  Y DE TRAB.-UNIDAD,3,3,
506,AZA.JUNTOS,64,60,59
507,FRENTE DE TODOS,35,36,39
508,FRENTE VAMOS CON VOS,10,11,11
,VOTOS NULOS,3,3,3
,VOTOS RECURRIDOS,0,0,0
,VOTOS IMPUGNADOS,0,0,0
,VOTOS EN BLANCO,5,8,13
,TOTALES,125,125,125
ADOLFO ALSINA,28
NRO,AGRUPACION POLITICA,DIPUTADO NACIONAL,DIPUTADO PROVINCIAL,CARGOS MUNICIPALES
501,AZA.+ VALORES,1,,
503,AZA.AVANZA LIBERTAD,3,3,
504,FTE. DE IZQUIERDA  Y DE TRAB.-UNIDAD,1,1,
506,AZA.JUNTOS,78,78,73
507,FRENTE DE TODOS,42,42,44
508,FRENTE VAMOS CON VOS,8,8,14
,VOTOS NULOS,5,5,5
,VOTOS RECURRIDOS,0,0,0
,VOTOS IMPUGNADOS,0,0,0
,VOTOS EN BLANCO,4,5,6
,TOTALES,142,142,142
ADOLFO ALSINA,29
NRO,AGRUPACION POLITICA,DIPUTADO NACIONAL,DIPUTADO PROVINCIAL,CARGOS MUNICIPALES
501,AZA.+ VALORES,0,,
503,AZA.AVANZA LIBERTAD,1,1,
504,FTE. DE IZQUIERDA  Y DE TRAB.-UNIDAD,0,0,
506,AZA.JUNTOS,4,4,4
507,FRENTE DE TODOS,0,0,0
508,FRENTE VAMOS CON VOS,0,0,0
,VOTOS NULOS,0,0,0
,VOTOS RECURRIDOS,0,0,0
,VOTOS IMPUGNADOS,0,0,0
,VOTOS EN BLANCO,0,0,1
,TOTALES,5,5,5
ADOLFO ALSINA,30
NRO,AGRUPACION POLITICA,DIPUTADO NACIONAL,DIPUTADO PROVINCIAL,CARGOS MUNICIPALES
501,AZA.+ VALORES,3,,
503,AZA.AVANZA LIBERTAD,15,14,
504,FTE. DE IZQUIERDA  Y DE TRAB.-UNIDAD,8,7,
506,AZA.JUNTOS,125,123,115
507,FRENTE DE TODOS,62,61,72
508,FRENTE VAMOS CON VOS,11,11,13
,VOTOS NULOS,0,0,0
,VOTOS RECURRIDOS,0,0,0
,VOTOS IMPUGNADOS,0,0,0
,VOTOS EN BLANCO,13,21,37
,TOTALES,237,237,237
ADOLFO ALSINA,31
NRO,AGRUPACION POLITICA,DIPUTADO NACIONAL,DIPUTADO PROVINCIAL,CARGOS MUNICIPALES
501,AZA.+ VALORES,2,,
503,AZA.AVANZA LIBERTAD,14,13,
504,FTE. DE IZQUIERDA  Y DE TRAB.-UNIDAD,4,4,
506,AZA.JUNTOS,153,154,146
507,FRENTE DE TODOS,63,65,80
508,FRENTE VAMOS CON VOS,11,11,13
,VOTOS NULOS,0,0,0
,VOTOS RECURRIDOS,0,0,0
,VOTOS IMPUGNADOS,0,0,0
,VOTOS EN BLANCO,14,14,22
,TOTALES,261,261,261
ADOLFO ALSINA,32
NRO,AGRUPACION POLITICA,DIPUTADO NACIONAL,DIPUTADO PROVINCIAL,CARGOS MUNICIPALES
501,AZA.+ VALORES,2,,
503,AZA.AVANZA LIBERTAD,10,10,
504,FTE. DE IZQUIERDA  Y DE TRAB.-UNIDAD,4,4,
506,AZA.JUNTOS,135,135,135
507,FRENTE DE TODOS,68,69,75
508,FRENTE VAMOS CON VOS,23,21,18
,VOTOS NULOS,0,0,0
,VOTOS RECURRIDOS,0,0,0
,VOTOS IMPUGNADOS,0,0,0
,VOTOS EN BLANCO,8,11,22
,TOTALES,250,250,250
ADOLFO ALSINA,33
NRO,AGRUPACION POLITICA,DIPUTADO NACIONAL,DIPUTADO PROVINCIAL,CARGOS MUNICIPALES
501,AZA.+ VALORES,3,,
503,AZA.AVANZA LIBERTAD,7,7,
504,FTE. DE IZQUIERDA  Y DE TRAB.-UNIDAD,3,4,
506,AZA.JUNTOS,162,161,146
507,FRENTE DE TODOS,53,54,68
508,FRENTE VAMOS CON VOS,21,20,23
,VOTOS NULOS,0,0,0
,VOTOS RECURRIDOS,0,0,0
,VOTOS IMPUGNADOS,0,0,0
,VOTOS EN BLANCO,10,13,22
,TOTALES,259,259,259
ADOLFO ALSINA,34
NRO,AGRUPACION POLITICA,DIPUTADO NACIONAL,DIPUTADO PROVINCIAL,CARGOS MUNICIPALES
501,AZA.+ VALORES,2,,
503,AZA.AVANZA LIBERTAD,17,17,
504,FTE. DE IZQUIERDA  Y DE TRAB.-UNIDAD,7,7,
506,AZA.JUNTOS,140,138,139
507,FRENTE DE TODOS,63,63,72
508,FRENTE VAMOS CON VOS,9,9,11
,VOTOS NULOS,0,0,0
,VOTOS RECURRIDOS,0,0,0
,VOTOS IMPUGNADOS,0,0,0
,VOTOS EN BLANCO,8,12,24
,TOTALES,246,246,246
ADOLFO ALSINA,35
NRO,AGRUPACION POLITICA,DIPUTADO NACIONAL,DIPUTADO PROVINCIAL,CARGOS MUNICIPALES
501,AZA.+ VALORES,5,,
503,AZA.AVANZA LIBERTAD,20,20,
504,FTE. DE IZQUIERDA  Y DE TRAB.-UNIDAD,5,5,
506,AZA.JUNTOS,142,139,141
507,FRENTE DE TODOS,53,53,63
508,FRENTE VAMOS CON VOS,9,9,11
,VOTOS NULOS,0,0,0
,VOTOS RECURRIDOS,0,0,0
,VOTOS IMPUGNADOS,0,0,0
,VOTOS EN BLANCO,13,21,32
,TOTALES,247,247,247
ADOLFO ALSINA,36
NRO,AGRUPACION POLITICA,DIPUTADO NACIONAL,DIPUTADO PROVINCIAL,CARGOS MUNICIPALES
501,AZA.+ VALORES,9,,
503,AZA.AVANZA LIBERTAD,13,12,
504,FTE. DE IZQUIERDA  Y DE TRAB.-UNIDAD,9,9,
506,AZA.JUNTOS,151,148,146
507,FRENTE DE TODOS,55,57,70
508,FRENTE VAMOS CON VOS,19,18,20
,VOTOS NULOS,0,0,0
,VOTOS RECURRIDOS,0,0,0
,VOTOS IMPUGNADOS,0,0,0
,VOTOS EN BLANCO,8,20,28
,TOTALES,264,264,264
ADOLFO ALSINA,37
NRO,AGRUPACION POLITICA,DIPUTADO NACIONAL,DIPUTADO PROVINCIAL,CARGOS MUNICIPALES
501,AZA.+ VALORES,10,,
503,AZA.AVANZA LIBERTAD,8,7,
504,FTE. DE IZQUIERDA  Y DE TRAB.-UNIDAD,10,10,
506,AZA.JUNTOS,138,139,138
507,FRENTE DE TODOS,53,55,62
508,FRENTE VAMOS CON VOS,11,11,13
,VOTOS NULOS,0,0,0
,VOTOS RECURRIDOS,0,0,0
,VOTOS IMPUGNADOS,0,0,0
,VOTOS EN BLANCO,15,23,32
,TOTALES,245,245,245
ADOLFO ALSINA,38
NRO,AGRUPACION POLITICA,DIPUTADO NACIONAL,DIPUTADO PROVINCIAL,CARGOS MUNICIPALES
501,AZA.+ VALORES,4,,
503,AZA.AVANZA LIBERTAD,20,18,
504,FTE. DE IZQUIERDA  Y DE TRAB.-UNIDAD,6,8,
506,AZA.JUNTOS,133,134,130
507,FRENTE DE TODOS,53,54,61
508,FRENTE VAMOS CON VOS,11,8,13
,VOTOS NULOS,0,0,0
,VOTOS RECURRIDOS,0,0,0
,VOTOS IMPUGNADOS,0,0,0
,VOTOS EN BLANCO,5,10,28
,TOTALES,232,232,232
ADOLFO ALSINA,39
NRO,AGRUPACION POLITICA,DIPUTADO NACIONAL,DIPUTADO PROVINCIAL,CARGOS MUNICIPALES
501,AZA.+ VALORES,0,,
503,AZA.AVANZA LIBERTAD,1,1,
504,FTE. DE IZQUIERDA  Y DE TRAB.-UNIDAD,0,0,
506,AZA.JUNTOS,6,6,6
507,FRENTE DE TODOS,1,1,0
508,FRENTE VAMOS CON VOS,1,1,2
,VOTOS NULOS,0,0,0
,VOTOS RECURRIDOS,0,0,0
,VOTOS IMPUGNADOS,0,0,0
,VOTOS EN BLANCO,0,0,1
,TOTALES,9,9,9
ADOLFO ALSINA,40
NRO,AGRUPACION POLITICA,DIPUTADO NACIONAL,DIPUTADO PROVINCIAL,CARGOS MUNICIPALES
501,AZA.+ VALORES,4,,
503,AZA.AVANZA LIBERTAD,9,9,
504,FTE. DE IZQUIERDA  Y DE TRAB.-UNIDAD,8,9,
506,AZA.JUNTOS,179,176,176
507,FRENTE DE TODOS,31,31,31
508,FRENTE VAMOS CON VOS,8,7,10
,VOTOS NULOS,0,0,0
,VOTOS RECURRIDOS,0,0,0
,VOTOS IMPUGNADOS,0,0,0
,VOTOS EN BLANCO,11,18,33
,TOTALES,250,250,250
ADOLFO ALSINA,41
NRO,AGRUPACION POLITICA,DIPUTADO NACIONAL,DIPUTADO PROVINCIAL,CARGOS MUNICIPALES
501,AZA.+ VALORES,3,,
503,AZA.AVANZA LIBERTAD,11,10,
504,FTE. DE IZQUIERDA  Y DE TRAB.-UNIDAD,3,3,
506,AZA.JUNTOS,151,148,128
507,FRENTE DE TODOS,31,31,50
508,FRENTE VAMOS CON VOS,16,15,15
,VOTOS NULOS,0,0,0
,VOTOS RECURRIDOS,0,0,0
,VOTOS IMPUGNADOS,0,0,0
,VOTOS EN BLANCO,9,17,31
,TOTALES,224,224,224
ADOLFO ALSINA,42
NRO,AGRUPACION POLITICA,DIPUTADO NACIONAL,DIPUTADO PROVINCIAL,CARGOS MUNICIPALES
501,AZA.+ VALORES,4,,
503,AZA.AVANZA LIBERTAD,10,9,
504,FTE. DE IZQUIERDA  Y DE TRAB.-UNIDAD,3,4,
506,AZA.JUNTOS,181,179,138
507,FRENTE DE TODOS,33,33,77
508,FRENTE VAMOS CON VOS,12,12,13
,VOTOS NULOS,0,0,0
,VOTOS RECURRIDOS,0,0,0
,VOTOS IMPUGNADOS,0,0,0
,VOTOS EN BLANCO,3,9,18
,TOTALES,246,246,246
ADOLFO ALSINA,43
NRO,AGRUPACION POLITICA,DIPUTADO NACIONAL,DIPUTADO PROVINCIAL,CARGOS MUNICIPALES
501,AZA.+ VALORES,1,,
503,AZA.AVANZA LIBERTAD,1,1,
504,FTE. DE IZQUIERDA  Y DE TRAB.-UNIDAD,1,1,
506,AZA.JUNTOS,42,42,34
507,FRENTE DE TODOS,7,7,15
508,FRENTE VAMOS CON VOS,4,4,4
,VOTOS NULOS,1,1,1
,VOTOS RECURRIDOS,0,0,0
,VOTOS IMPUGNADOS,0,0,0
,VOTOS EN BLANCO,1,2,4
,TOTALES,58,58,58
ADOLFO ALSINA,44
NRO,AGRUPACION POLITICA,DIPUTADO NACIONAL,DIPUTADO PROVINCIAL,CARGOS MUNICIPALES
501,AZA.+ VALORES,1,,
503,AZA.AVANZA LIBERTAD,5,5,
504,FTE. DE IZQUIERDA  Y DE TRAB.-UNIDAD,0,0,
506,AZA.JUNTOS,27,27,20
507,FRENTE DE TODOS,24,24,32
508,FRENTE VAMOS CON VOS,3,3,6
,VOTOS NULOS,0,0,0
,VOTOS RECURRIDOS,0,0,0
,VOTOS IMPUGNADOS,0,0,0
,VOTOS EN BLANCO,2,3,4
,TOTALES,62,62,62
ADOLFO ALSINA,45
NRO,AGRUPACION POLITICA,DIPUTADO NACIONAL,DIPUTADO PROVINCIAL,CARGOS MUNICIPALES
501,AZA.+ VALORES,4,,
503,AZA.AVANZA LIBERTAD,11,11,
504,FTE. DE IZQUIERDA  Y DE TRAB.-UNIDAD,9,7,
506,AZA.JUNTOS,148,147,135
507,FRENTE DE TODOS,54,54,60
508,FRENTE VAMOS CON VOS,16,16,19
,VOTOS NULOS,0,0,0
,VOTOS RECURRIDOS,0,0,0
,VOTOS IMPUGNADOS,0,0,0
,VOTOS EN BLANCO,8,15,36
,TOTALES,250,250,250
ADOLFO ALSINA,46
NRO,AGRUPACION POLITICA,DIPUTADO NACIONAL,DIPUTADO PROVINCIAL,CARGOS MUNICIPALES
501,AZA.+ VALORES,2,,
503,AZA.AVANZA LIBERTAD,7,7,
504,FTE. DE IZQUIERDA  Y DE TRAB.-UNIDAD,1,1,
506,AZA.JUNTOS,88,89,83
507,FRENTE DE TODOS,28,28,31
508,FRENTE VAMOS CON VOS,7,7,9
,VOTOS NULOS,0,0,0
,VOTOS RECURRIDOS,0,0,0
,VOTOS IMPUGNADOS,0,0,0
,VOTOS EN BLANCO,4,5,14
,TOTALES,137,137,137
ALBERTI,1
NRO,AGRUPACION POLITICA,DIPUTADO NACIONAL,SENADOR PROVINCIAL,CARGOS MUNICIPALES
501,AZA.+ VALORES,0,,
503,AZA.AVANZA LIBERTAD,22,20,19
504,FTE. DE IZQUIERDA  Y DE TRAB.-UNIDAD,1,2,
506,AZA.JUNTOS,116,114,119
507,FRENTE DE TODOS,106,106,113
508,FRENTE VAMOS CON VOS,5,4,3
,VOTOS NULOS,2,2,2
,VOTOS RECURRIDOS,0,0,0
,VOTOS IMPUGNADOS,0,0,0
,VOTOS EN BLANCO,10,14,6
,TOTALES,262,262,262
ALBERTI,2
NRO,AGRUPACION POLITICA,DIPUTADO NACIONAL,SENADOR PROVINCIAL,CARGOS MUNICIPALES
501,AZA.+ VALORES,3,,
503,AZA.AVANZA LIBERTAD,19,18,10
504,FTE. DE IZQUIERDA  Y DE TRAB.-UNIDAD,5,5,
506,AZA.JUNTOS,140,137,133
507,FRENTE DE TODOS,83,89,110
508,FRENTE VAMOS CON VOS,10,8,5
,VOTOS NULOS,0,0,0
,VOTOS RECURRIDOS,0,0,0
,VOTOS IMPUGNADOS,0,0,0
,VOTOS EN BLANCO,14,17,16
,TOTALES,274,274,274
ALBERTI,3
NRO,AGRUPACION POLITICA,DIPUTADO NACIONAL,SENADOR PROVINCIAL,CARGOS MUNICIPALES
501,AZA.+ VALORES,5,,
503,AZA.AVANZA LIBERTAD,20,18,16
504,FTE. DE IZQUIERDA  Y DE TRAB.-UNIDAD,8,9,
506,AZA.JUNTOS,148,147,136
507,FRENTE DE TODOS,87,84,111
508,FRENTE VAMOS CON VOS,8,7,7
,VOTOS NULOS,0,0,0
,VOTOS RECURRIDOS,0,0,0
,VOTOS IMPUGNADOS,0,0,0
,VOTOS EN BLANCO,14,25,20
,TOTALES,290,290,290
ALBERTI,4
NRO,AGRUPACION POLITICA,DIPUTADO NACIONAL,SENADOR PROVINCIAL,CARGOS MUNICIPALES
501,AZA.+ VALORES,1,,
503,AZA.AVANZA LIBERTAD,19,18,17
504,FTE. DE IZQUIERDA  Y DE TRAB.-UNIDAD,2,2,
506,AZA.JUNTOS,141,139,131
507,FRENTE DE TODOS,93,96,118
508,FRENTE VAMOS CON VOS,10,8,6
,VOTOS NULOS,0,0,0
,VOTOS RECURRIDOS,0,0,0
,VOTOS IMPUGNADOS,0,0,0
,VOTOS EN BLANCO,18,21,12
,TOTALES,284,284,284
ALBERTI,5
NRO,AGRUPACION POLITICA,DIPUTADO NACIONAL,SENADOR PROVINCIAL,CARGOS MUNICIPALES
501,AZA.+ VALORES,1,,
503,AZA.AVANZA LIBERTAD,22,20,19
504,FTE. DE IZQUIERDA  Y DE TRAB.-UNIDAD,6,7,
506,AZA.JUNTOS,133,127,125
507,FRENTE DE TODOS,96,101,113
508,FRENTE VAMOS CON VOS,6,5,5
,VOTOS NULOS,0,0,0
,VOTOS RECURRIDOS,0,0,0
,VOTOS IMPUGNADOS,0,0,0
,VOTOS EN BLANCO,14,18,16
,TOTALES,278,278,278
ALBERTI,6
NRO,AGRUPACION POLITICA,DIPUTADO NACIONAL,SENADOR PROVINCIAL,CARGOS MUNICIPALES
501,AZA.+ VALORES,1,,
503,AZA.AVANZA LIBERTAD,19,14,12
504,FTE. DE IZQUIERDA  Y DE TRAB.-UNIDAD,7,6,
506,AZA.JUNTOS,128,127,125
507,FRENTE DE TODOS,107,109,129
508,FRENTE VAMOS CON VOS,7,3,3
,VOTOS NULOS,0,0,0
,VOTOS RECURRIDOS,0,0,0
,VOTOS IMPUGNADOS,0,0,0
,VOTOS EN BLANCO,10,20,10
,TOTALES,279,279,279
ALBERTI,7
NRO,AGRUPACION POLITICA,DIPUTADO NACIONAL,SENADOR PROVINCIAL,CARGOS MUNICIPALES
501,AZA.+ VALORES,2,,
503,AZA.AVANZA LIBERTAD,21,18,20
504,FTE. DE IZQUIERDA  Y DE TRAB.-UNIDAD,2,2,
506,AZA.JUNTOS,150,145,142
507,FRENTE DE TODOS,91,92,110
508,FRENTE VAMOS CON VOS,5,4,3
,VOTOS NULOS,0,0,0
,VOTOS RECURRIDOS,0,0,0
,VOTOS IMPUGNADOS,0,0,0
,VOTOS EN BLANCO,11,21,7
,TOTALES,282,282,282
ALBERTI,8
NRO,AGRUPACION POLITICA,DIPUTADO NACIONAL,SENADOR PROVINCIAL,CARGOS MUNICIPALES
501,AZA.+ VALORES,3,,
503,AZA.AVANZA LIBERTAD,26,26,20
504,FTE. DE IZQUIERDA  Y DE TRAB.-UNIDAD,3,3,
506,AZA.JUNTOS,134,132,138
507,FRENTE DE TODOS,87,90,96
508,FRENTE VAMOS CON VOS,6,5,5
,VOTOS NULOS,4,4,4
,VOTOS RECURRIDOS,0,0,0
,VOTOS IMPUGNADOS,0,0,0
,VOTOS EN BLANCO,9,12,9
,TOTALES,272,272,272
ALBERTI,9
NRO,AGRUPACION POLITICA,DIPUTADO NACIONAL,SENADOR PROVINCIAL,CARGOS MUNICIPALES
501,AZA.+ VALORES,0,,
503,AZA.AVANZA LIBERTAD,17,17,16
504,FTE. DE IZQUIERDA  Y DE TRAB.-UNIDAD,5,5,
506,AZA.JUNTOS,115,115,115
507,FRENTE DE TODOS,114,114,131
508,FRENTE VAMOS CON VOS,8,6,4
,VOTOS NULOS,0,0,0
,VOTOS RECURRIDOS,0,0,0
,VOTOS IMPUGNADOS,0,0,0
,VOTOS EN BLANCO,19,21,12
,TOTALES,278,278,278
ALBERTI,10
NRO,AGRUPACION POLITICA,DIPUTADO NACIONAL,SENADOR PROVINCIAL,CARGOS MUNICIPALES
501,AZA.+ VALORES,0,,
503,AZA.AVANZA LIBERTAD,21,19,19
504,FTE. DE IZQUIERDA  Y DE TRAB.-UNIDAD,5,4,
506,AZA.JUNTOS,152,148,141
507,FRENTE DE TODOS,71,74,94
508,FRENTE VAMOS CON VOS,8,7,6
,VOTOS NULOS,0,0,0
,VOTOS RECURRIDOS,0,0,0
,VOTOS IMPUGNADOS,0,0,0
,VOTOS EN BLANCO,15,20,12
,TOTALES,272,272,272
ALBERTI,11
NRO,AGRUPACION POLITICA,DIPUTADO NACIONAL,SENADOR PROVINCIAL,CARGOS MUNICIPALES
501,AZA.+ VALORES,0,,
503,AZA.AVANZA LIBERTAD,18,16,18
504,FTE. DE IZQUIERDA  Y DE TRAB.-UNIDAD,4,4,
506,AZA.JUNTOS,126,125,123
507,FRENTE DE TODOS,98,99,109
508,FRENTE VAMOS CON VOS,11,9,10
,VOTOS NULOS,0,0,0
,VOTOS RECURRIDOS,0,0,0
,VOTOS IMPUGNADOS,0,0,0
,VOTOS EN BLANCO,15,19,12
,TOTALES,272,272,272
ALBERTI,12
NRO,AGRUPACION POLITICA,DIPUTADO NACIONAL,SENADOR PROVINCIAL,CARGOS MUNICIPALES
501,AZA.+ VALORES,4,,
503,AZA.AVANZA LIBERTAD,20,18,18
504,FTE. DE IZQUIERDA  Y DE TRAB.-UNIDAD,3,4,
506,AZA.JUNTOS,121,120,114
507,FRENTE DE TODOS,104,106,119
508,FRENTE VAMOS CON VOS,6,5,4
,VOTOS NULOS,0,0,0
,VOTOS RECURRIDOS,0,0,0
,VOTOS IMPUGNADOS,0,0,0
,VOTOS EN BLANCO,8,13,11
,TOTALES,266,266,266
ALBERTI,13
NRO,AGRUPACION POLITICA,DIPUTADO NACIONAL,SENADOR PROVINCIAL,CARGOS MUNICIPALES
501,AZA.+ VALORES,7,,
503,AZA.AVANZA LIBERTAD,14,13,15
504,FTE. DE IZQUIERDA  Y DE TRAB.-UNIDAD,4,4,
506,AZA.JUNTOS,141,138,140
507,FRENTE DE TODOS,85,89,103
508,FRENTE VAMOS CON VOS,8,7,6
,VOTOS NULOS,0,0,0
,VOTOS RECURRIDOS,0,0,0
,VOTOS IMPUGNADOS,0,0,0
,VOTOS EN BLANCO,15,23,10
,TOTALES,274,274,274
ALBERTI,14
NRO,AGRUPACION POLITICA,DIPUTADO NACIONAL,SENADOR PROVINCIAL,CARGOS MUNICIPALES
501,AZA.+ VALORES,4,,
503,AZA.AVANZA LIBERTAD,22,21,22
504,FTE. DE IZQUIERDA  Y DE TRAB.-UNIDAD,5,5,
506,AZA.JUNTOS,139,138,143
507,FRENTE DE TODOS,78,77,88
508,FRENTE VAMOS CON VOS,7,6,4
,VOTOS NULOS,0,0,0
,VOTOS RECURRIDOS,0,0,0
,VOTOS IMPUGNADOS,0,0,0
,VOTOS EN BLANCO,15,23,13
,TOTALES,270,270,270
ALBERTI,15
NRO,AGRUPACION POLITICA,DIPUTADO NACIONAL,SENADOR PROVINCIAL,CARGOS MUNICIPALES
501,AZA.+ VALORES,0,,
503,AZA.AVANZA LIBERTAD,23,21,21
504,FTE. DE IZQUIERDA  Y DE TRAB.-UNIDAD,2,2,
506,AZA.JUNTOS,128,127,126
507,FRENTE DE TODOS,94,96,110
508,FRENTE VAMOS CON VOS,7,5,4
,VOTOS NULOS,0,0,0
,VOTOS RECURRIDOS,0,0,0
,VOTOS IMPUGNADOS,0,0,0
,VOTOS EN BLANCO,17,20,10
,TOTALES,271,271,271
ALBERTI,16
NRO,AGRUPACION POLITICA,DIPUTADO NACIONAL,SENADOR PROVINCIAL,CARGOS MUNICIPALES
501,AZA.+ VALORES,1,,
503,AZA.AVANZA LIBERTAD,20,18,11
504,FTE. DE IZQUIERDA  Y DE TRAB.-UNIDAD,4,4,
506,AZA.JUNTOS,130,125,118
507,FRENTE DE TODOS,101,106,137
508,FRENTE VAMOS CON VOS,2,1,3
,VOTOS NULOS,0,0,0
,VOTOS RECURRIDOS,0,0,0
,VOTOS IMPUGNADOS,0,0,0
,VOTOS EN BLANCO,25,29,14
,TOTALES,283,283,283
ALBERTI,17
NRO,AGRUPACION POLITICA,DIPUTADO NACIONAL,SENADOR PROVINCIAL,CARGOS MUNICIPALES
501,AZA.+ VALORES,3,,
503,AZA.AVANZA LIBERTAD,18,16,15
504,FTE. DE IZQUIERDA  Y DE TRAB.-UNIDAD,5,4,
506,AZA.JUNTOS,127,125,119
507,FRENTE DE TODOS,96,98,116
508,FRENTE VAMOS CON VOS,7,5,4
,VOTOS NULOS,0,0,0
,VOTOS RECURRIDOS,0,0,0
,VOTOS IMPUGNADOS,0,0,0
,VOTOS EN BLANCO,14,22,16
,TOTALES,270,270,270
ALBERTI,18
NRO,AGRUPACION POLITICA,DIPUTADO NACIONAL,SENADOR PROVINCIAL,CARGOS MUNICIPALES
501,AZA.+ VALORES,1,,
503,AZA.AVANZA LIBERTAD,17,16,9
504,FTE. DE IZQUIERDA  Y DE TRAB.-UNIDAD,4,3,
506,AZA.JUNTOS,116,112,111
507,FRENTE DE TODOS,103,104,123
508,FRENTE VAMOS CON VOS,10,11,8
,VOTOS NULOS,5,5,5
,VOTOS RECURRIDOS,0,0,0
,VOTOS IMPUGNADOS,0,0,0
,VOTOS EN BLANCO,6,11,6
,TOTALES,262,262,262
ALBERTI,19
NRO,AGRUPACION POLITICA,DIPUTADO NACIONAL,SENADOR PROVINCIAL,CARGOS MUNICIPALES
501,AZA.+ VALORES,4,,
503,AZA.AVANZA LIBERTAD,27,25,17
504,FTE. DE IZQUIERDA  Y DE TRAB.-UNIDAD,5,5,
506,AZA.JUNTOS,136,134,135
507,FRENTE DE TODOS,86,89,112
508,FRENTE VAMOS CON VOS,10,9,4
,VOTOS NULOS,0,0,0
,VOTOS RECURRIDOS,0,0,0
,VOTOS IMPUGNADOS,0,0,0
,VOTOS EN BLANCO,13,19,13
,TOTALES,281,281,281
ALBERTI,20
NRO,AGRUPACION POLITICA,DIPUTADO NACIONAL,SENADOR PROVINCIAL,CARGOS MUNICIPALES
501,AZA.+ VALORES,3,,
503,AZA.AVANZA LIBERTAD,22,19,18
504,FTE. DE IZQUIERDA  Y DE TRAB.-UNIDAD,5,6,
506,AZA.JUNTOS,133,131,128
507,FRENTE DE TODOS,85,86,106
508,FRENTE VAMOS CON VOS,3,4,4
,VOTOS NULOS,0,0,0
,VOTOS RECURRIDOS,0,0,0
,VOTOS IMPUGNADOS,0,0,0
,VOTOS EN BLANCO,16,21,11
,TOTALES,267,267,267
ALBERTI,21
NRO,AGRUPACION POLITICA,DIPUTADO NACIONAL,SENADOR PROVINCIAL,CARGOS MUNICIPALES
501,AZA.+ VALORES,3,,
503,AZA.AVANZA LIBERTAD,31,27,23
504,FTE. DE IZQUIERDA  Y DE TRAB.-UNIDAD,7,7,
506,AZA.JUNTOS,133,132,130
507,FRENTE DE TODOS,85,88,105
508,FRENTE VAMOS CON VOS,12,12,7
,VOTOS NULOS,0,0,0
,VOTOS RECURRIDOS,0,0,0
,VOTOS IMPUGNADOS,0,0,0
,VOTOS EN BLANCO,8,13,14
,TOTALES,279,279,279
ALBERTI,22
NRO,AGRUPACION POLITICA,DIPUTADO NACIONAL,SENADOR PROVINCIAL,CARGOS MUNICIPALES
501,AZA.+ VALORES,2,,
503,AZA.AVANZA LIBERTAD,30,30,27
504,FTE. DE IZQUIERDA  Y DE TRAB.-UNIDAD,8,8,
506,AZA.JUNTOS,144,143,140
507,FRENTE DE TODOS,64,67,85
508,FRENTE VAMOS CON VOS,8,7,8
,VOTOS NULOS,0,0,0
,VOTOS RECURRIDOS,0,0,0
,VOTOS IMPUGNADOS,0,0,0
,VOTOS EN BLANCO,14,15,10
,TOTALES,270,270,270
ALBERTI,23
NRO,AGRUPACION POLITICA,DIPUTADO NACIONAL,SENADOR PROVINCIAL,CARGOS MUNICIPALES
501,AZA.+ VALORES,1,,
503,AZA.AVANZA LIBERTAD,3,3,5
504,FTE. DE IZQUIERDA  Y DE TRAB.-UNIDAD,0,0,
506,AZA.JUNTOS,37,33,30
507,FRENTE DE TODOS,11,15,18
508,FRENTE VAMOS CON VOS,2,2,1
,VOTOS NULOS,0,0,0
,VOTOS RECURRIDOS,0,0,0
,VOTOS IMPUGNADOS,0,0,0
,VOTOS EN BLANCO,2,3,2
,TOTALES,56,56,56
ALBERTI,24
NRO,AGRUPACION POLITICA,DIPUTADO NACIONAL,SENADOR PROVINCIAL,CARGOS MUNICIPALES
501,AZA.+ VALORES,4,,
503,AZA.AVANZA LIBERTAD,19,20,21
504,FTE. DE IZQUIERDA  Y DE TRAB.-UNIDAD,3,2,
506,AZA.JUNTOS,62,61,58
507,FRENTE DE TODOS,199,198,205
508,FRENTE VAMOS CON VOS,4,4,3
,VOTOS NULOS,1,1,1
,VOTOS RECURRIDOS,0,0,0
,VOTOS IMPUGNADOS,0,0,0
,VOTOS EN BLANCO,6,12,10
,TOTALES,298,298,298
ALBERTI,25
NRO,AGRUPACION POLITICA,DIPUTADO NACIONAL,SENADOR PROVINCIAL,CARGOS MUNICIPALES
501,AZA.+ VALORES,0,,
503,AZA.AVANZA LIBERTAD,5,5,5
504,FTE. DE IZQUIERDA  Y DE TRAB.-UNIDAD,2,1,
506,AZA.JUNTOS,27,27,27
507,FRENTE DE TODOS,61,62,66
508,FRENTE VAMOS CON VOS,3,3,3
,VOTOS NULOS,0,0,0
,VOTOS RECURRIDOS,0,0,0
,VOTOS IMPUGNADOS,0,0,0
,VOTOS EN BLANCO,7,7,4
,TOTALES,105,105,105
ALBERTI,26
NRO,AGRUPACION POLITICA,DIPUTADO NACIONAL,SENADOR PROVINCIAL,CARGOS MUNICIPALES
501,AZA.+ VALORES,2,,
503,AZA.AVANZA LIBERTAD,17,17,18
504,FTE. DE IZQUIERDA  Y DE TRAB.-UNIDAD,2,2,
506,AZA.JUNTOS,66,65,67
507,FRENTE DE TODOS,78,78,83
508,FRENTE VAMOS CON VOS,3,2,2
,VOTOS NULOS,0,0,0
,VOTOS RECURRIDOS,0,0,0
,VOTOS IMPUGNADOS,0,0,0
,VOTOS EN BLANCO,10,14,8
,TOTALES,178,178,178
ALBERTI,27
NRO,AGRUPACION POLITICA,DIPUTADO NACIONAL,SENADOR PROVINCIAL,CARGOS MUNICIPALES
501,AZA.+ VALORES,2,,
503,AZA.AVANZA LIBERTAD,19,17,13
504,FTE. DE IZQUIERDA  Y DE TRAB.-UNIDAD,1,1,
506,AZA.JUNTOS,82,81,72
507,FRENTE DE TODOS,37,41,59
508,FRENTE VAMOS CON VOS,6,5,2
,VOTOS NULOS,0,0,0
,VOTOS RECURRIDOS,0,0,0
,VOTOS IMPUGNADOS,0,0,0
,VOTOS EN BLANCO,4,6,5
,TOTALES,151,151,151
ALBERTI,28
NRO,AGRUPACION POLITICA,DIPUTADO NACIONAL,SENADOR PROVINCIAL,CARGOS MUNICIPALES
501,AZA.+ VALORES,1,,
503,AZA.AVANZA LIBERTAD,27,24,19
504,FTE. DE IZQUIERDA  Y DE TRAB.-UNIDAD,4,4,
506,AZA.JUNTOS,143,138,111
507,FRENTE DE TODOS,81,84,132
508,FRENTE VAMOS CON VOS,12,11,9
,VOTOS NULOS,0,0,0
,VOTOS RECURRIDOS,0,0,0
,VOTOS IMPUGNADOS,0,0,0
,VOTOS EN BLANCO,10,17,7
,TOTALES,278,278,278
ALBERTI,29
NRO,AGRUPACION POLITICA,DIPUTADO NACIONAL,SENADOR PROVINCIAL,CARGOS MUNICIPALES
501,AZA.+ VALORES,0,,
503,AZA.AVANZA LIBERTAD,13,13,10
504,FTE. DE IZQUIERDA  Y DE TRAB.-UNIDAD,4,4,
506,AZA.JUNTOS,106,105,95
507,FRENTE DE TODOS,89,90,122
508,FRENTE VAMOS CON VOS,13,11,5
,VOTOS NULOS,0,0,0
,VOTOS RECURRIDOS,0,0,0
,VOTOS IMPUGNADOS,0,0,0
,VOTOS EN BLANCO,16,18,9
,TOTALES,241,241,241
ALBERTI,30
NRO,AGRUPACION POLITICA,DIPUTADO NACIONAL,SENADOR PROVINCIAL,CARGOS MUNICIPALES
501,AZA.+ VALORES,0,,
503,AZA.AVANZA LIBERTAD,2,2,2
504,FTE. DE IZQUIERDA  Y DE TRAB.-UNIDAD,0,0,
506,AZA.JUNTOS,28,27,23
507,FRENTE DE TODOS,69,69,73
508,FRENTE VAMOS CON VOS,1,1,1
,VOTOS NULOS,0,0,0
,VOTOS RECURRIDOS,0,0,0
,VOTOS IMPUGNADOS,0,0,0
,VOTOS EN BLANCO,1,2,2
,TOTALES,101,101,101
ALMIRANTE BROWN,1
NRO,AGRUPACION POLITICA,DIPUTADO NACIONAL,DIPUTADO PROVINCIAL,CARGOS MUNICIPALES
501,AZA.+ VALORES,4,,
27,PARTIDO UNION CELESTE Y BLANCO,,4,4
503,AZA.AVANZA LIBERTAD,23,23,23
504,FTE. DE IZQUIERDA  Y DE TRAB.-UNIDAD,15,15,16
506,AZA.JUNTOS,146,145,146
507,FRENTE DE TODOS,73,73,73
508,FRENTE VAMOS CON VOS,15,13,13
,VOTOS NULOS,0,0,0
,VOTOS RECURRIDOS,0,0,0
,VOTOS IMPUGNADOS,0,0,0
,VOTOS EN BLANCO,6,9,7
,TOTALES,282,282,282
ALMIRANTE BROWN,2
NRO,AGRUPACION POLITICA,DIPUTADO NACIONAL,DIPUTADO PROVINCIAL,CARGOS MUNICIPALES
501,AZA.+ VALORES,2,,
27,PARTIDO UNION CELESTE Y BLANCO,,2,2
503,AZA.AVANZA LIBERTAD,14,14,14
504,FTE. DE IZQUIERDA  Y DE TRAB.-UNIDAD,16,16,16
506,AZA.JUNTOS,160,160,160
507,FRENTE DE TODOS,71,71,72
508,FRENTE VAMOS CON VOS,5,5,4
,VOTOS NULOS,3,3,3
,VOTOS RECURRIDOS,0,0,0
,VOTOS IMPUGNADOS,0,0,0
,VOTOS EN BLANCO,2,2,2
,TOTALES,273,273,273
ALMIRANTE BROWN,3
NRO,AGRUPACION POLITICA,DIPUTADO NACIONAL,DIPUTADO PROVINCIAL,CARGOS MUNICIPALES
501,AZA.+ VALORES,4,,
27,PARTIDO UNION CELESTE Y BLANCO,,4,4
503,AZA.AVANZA LIBERTAD,14,14,13
504,FTE. DE IZQUIERDA  Y DE TRAB.-UNIDAD,17,17,17
506,AZA.JUNTOS,154,153,154
507,FRENTE DE TODOS,67,68,67
508,FRENTE VAMOS CON VOS,7,6,6
,VOTOS NULOS,3,3,3
,VOTOS RECURRIDOS,0,0,0
,VOTOS IMPUGNADOS,0,0,0
,VOTOS EN BLANCO,2,3,4
,TOTALES,268,268,268
ALMIRANTE BROWN,4
NRO,AGRUPACION POLITICA,DIPUTADO NACIONAL,DIPUTADO PROVINCIAL,CARGOS MUNICIPALES
501,AZA.+ VALORES,9,,
27,PARTIDO UNION CELESTE Y BLANCO,,9,7
503,AZA.AVANZA LIBERTAD,20,19,21
504,FTE. DE IZQUIERDA  Y DE TRAB.-UNIDAD,14,14,15
506,AZA.JUNTOS,160,159,159
507,FRENTE DE TODOS,61,63,62
508,FRENTE VAMOS CON VOS,7,6,5
,VOTOS NULOS,0,0,0
,VOTOS RECURRIDOS,0,0,0
,VOTOS IMPUGNADOS,0,0,0
,VOTOS EN BLANCO,7,8,9
,TOTALES,278,278,278
ALMIRANTE BROWN,5
NRO,AGRUPACION POLITICA,DIPUTADO NACIONAL,DIPUTADO PROVINCIAL,CARGOS MUNICIPALES
501,AZA.+ VALORES,5,,
27,PARTIDO UNION CELESTE Y BLANCO,,6,5
503,AZA.AVANZA LIBERTAD,27,27,27
504,FTE. DE IZQUIERDA  Y DE TRAB.-UNIDAD,14,14,14
506,AZA.JUNTOS,155,152,151
507,FRENTE DE TODOS,54,54,53
508,FRENTE VAMOS CON VOS,16,16,17
,VOTOS NULOS,2,2,2
,VOTOS RECURRIDOS,0,0,0
,VOTOS IMPUGNADOS,0,0,0
,VOTOS EN BLANCO,2,4,6
,TOTALES,275,275,275
ALMIRANTE BROWN,6
NRO,AGRUPACION POLITICA,DIPUTADO NACIONAL,DIPUTADO PROVINCIAL,CARGOS MUNICIPALES
501,AZA.+ VALORES,2,,
27,PARTIDO UNION CELESTE Y BLANCO,,2,2
503,AZA.AVANZA LIBERTAD,21,21,21
504,FTE. DE IZQUIERDA  Y DE TRAB.-UNIDAD,21,20,21
506,AZA.JUNTOS,147,147,146
507,FRENTE DE TODOS,72,72,72
508,FRENTE VAMOS CON VOS,8,6,7
,VOTOS NULOS,4,4,4
,VOTOS RECURRIDOS,0,1,1
,VOTOS IMPUGNADOS,0,0,0
,VOTOS EN BLANCO,7,9,8
,TOTALES,282,282,282
ALMIRANTE BROWN,7
NRO,AGRUPACION POLITICA,DIPUTADO NACIONAL,DIPUTADO PROVINCIAL,CARGOS MUNICIPALES
501,AZA.+ VALORES,1,,
27,PARTIDO UNION CELESTE Y BLANCO,,0,0
503,AZA.AVANZA LIBERTAD,29,29,29
504,FTE. DE IZQUIERDA  Y DE TRAB.-UNIDAD,13,13,13
506,AZA.JUNTOS,169,167,167
507,FRENTE DE TODOS,57,60,59
508,FRENTE VAMOS CON VOS,9,8,9
,VOTOS NULOS,2,2,2
,VOTOS RECURRIDOS,0,0,0
,VOTOS IMPUGNADOS,0,0,0
,VOTOS EN BLANCO,4,5,5
,TOTALES,284,284,284
ALMIRANTE BROWN,8
NRO,AGRUPACION POLITICA,DIPUTADO NACIONAL,DIPUTADO PROVINCIAL,CARGOS MUNICIPALES
501,AZA.+ VALORES,5,,
27,PARTIDO UNION CELESTE Y BLANCO,,5,5
503,AZA.AVANZA LIBERTAD,28,27,27
504,FTE. DE IZQUIERDA  Y DE TRAB.-UNIDAD,9,9,9
506,AZA.JUNTOS,171,170,169
507,FRENTE DE TODOS,56,57,57
508,FRENTE VAMOS CON VOS,5,5,5
,VOTOS NULOS,3,3,3
,VOTOS RECURRIDOS,0,0,0
,VOTOS IMPUGNADOS,0,0,0
,VOTOS EN BLANCO,0,1,2
,TOTALES,277,277,277
ALMIRANTE BROWN,9
NRO,AGRUPACION POLITICA,DIPUTADO NACIONAL,DIPUTADO PROVINCIAL,CARGOS MUNICIPALES
501,AZA.+ VALORES,6,,
27,PARTIDO UNION CELESTE Y BLANCO,,5,5
503,AZA.AVANZA LIBERTAD,32,29,24
504,FTE. DE IZQUIERDA  Y DE TRAB.-UNIDAD,15,16,16
506,AZA.JUNTOS,141,143,146
507,FRENTE DE TODOS,48,50,49
508,FRENTE VAMOS CON VOS,11,10,11
,VOTOS NULOS,6,7,7
,VOTOS RECURRIDOS,0,0,0
,VOTOS IMPUGNADOS,0,0,0
,VOTOS EN BLANCO,2,1,3
,TOTALES,261,261,261
ALMIRANTE BROWN,10
NRO,AGRUPACION POLITICA,DIPUTADO NACIONAL,DIPUTADO PROVINCIAL,CARGOS MUNICIPALES
501,AZA.+ VALORES,5,,
27,PARTIDO UNION CELESTE Y BLANCO,,5,6
503,AZA.AVANZA LIBERTAD,26,26,26
504,FTE. DE IZQUIERDA  Y DE TRAB.-UNIDAD,10,11,12
506,AZA.JUNTOS,161,161,159
507,FRENTE DE TODOS,51,51,52
508,FRENTE VAMOS CON VOS,8,7,6
,VOTOS NULOS,3,3,3
,VOTOS RECURRIDOS,0,0,0
,VOTOS IMPUGNADOS,0,0,0
,VOTOS EN BLANCO,1,1,1
,TOTALES,265,265,265
ALMIRANTE BROWN,11
NRO,AGRUPACION POLITICA,DIPUTADO NACIONAL,DIPUTADO PROVINCIAL,CARGOS MUNICIPALES
501,AZA.+ VALORES,5,,
27,PARTIDO UNION CELESTE Y BLANCO,,4,4
503,AZA.AVANZA LIBERTAD,21,21,22
504,FTE. DE IZQUIERDA  Y DE TRAB.-UNIDAD,12,12,12
506,AZA.JUNTOS,148,149,151
507,FRENTE DE TODOS,56,57,56
508,FRENTE VAMOS CON VOS,13,13,12
,VOTOS NULOS,2,1,1
,VOTOS RECURRIDOS,0,0,0
,VOTOS IMPUGNADOS,0,0,0
,VOTOS EN BLANCO,3,3,2
,TOTALES,260,260,260
ALMIRANTE BROWN,12
NRO,AGRUPACION POLITICA,DIPUTADO NACIONAL,DIPUTADO PROVINCIAL,CARGOS MUNICIPALES
501,AZA.+ VALORES,3,,
27,PARTIDO UNION CELESTE Y BLANCO,,3,4
503,AZA.AVANZA LIBERTAD,27,27,25
504,FTE. DE IZQUIERDA  Y DE TRAB.-UNIDAD,18,18,18
506,AZA.JUNTOS,147,147,149
507,FRENTE DE TODOS,58,59,57
508,FRENTE VAMOS CON VOS,13,12,13
,VOTOS NULOS,5,5,5
,VOTOS RECURRIDOS,0,0,0
,VOTOS IMPUGNADOS,0,0,0
,VOTOS EN BLANCO,2,2,2
,TOTALES,273,273,273
ALMIRANTE BROWN,13
NRO,AGRUPACION POLITICA,DIPUTADO NACIONAL,DIPUTADO PROVINCIAL,CARGOS MUNICIPALES
501,AZA.+ VALORES,8,,
27,PARTIDO UNION CELESTE Y BLANCO,,8,8
503,AZA.AVANZA LIBERTAD,18,19,18
504,FTE. DE IZQUIERDA  Y DE TRAB.-UNIDAD,24,25,26
506,AZA.JUNTOS,159,157,158
507,FRENTE DE TODOS,49,49,48
508,FRENTE VAMOS CON VOS,15,15,12
,VOTOS NULOS,7,7,7
,VOTOS RECURRIDOS,0,0,0
,VOTOS IMPUGNADOS,0,0,0
,VOTOS EN BLANCO,2,2,5
,TOTALES,282,282,282
ALMIRANTE BROWN,14
NRO,AGRUPACION POLITICA,DIPUTADO NACIONAL,DIPUTADO PROVINCIAL,CARGOS MUNICIPALES
501,AZA.+ VALORES,3,,
27,PARTIDO UNION CELESTE Y BLANCO,,3,3
503,AZA.AVANZA LIBERTAD,32,32,32
504,FTE. DE IZQUIERDA  Y DE TRAB.-UNIDAD,12,12,13
506,AZA.JUNTOS,158,157,158
507,FRENTE DE TODOS,47,52,50
508,FRENTE VAMOS CON VOS,18,12,11
,VOTOS NULOS,1,1,1
,VOTOS RECURRIDOS,0,0,0
,VOTOS IMPUGNADOS,0,0,0
,VOTOS EN BLANCO,3,5,6
,TOTALES,274,274,274
ALMIRANTE BROWN,15
NRO,AGRUPACION POLITICA,DIPUTADO NACIONAL,DIPUTADO PROVINCIAL,CARGOS MUNICIPALES
501,AZA.+ VALORES,4,,
27,PARTIDO UNION CELESTE Y BLANCO,,4,7
503,AZA.AVANZA LIBERTAD,32,30,30
504,FTE. DE IZQUIERDA  Y DE TRAB.-UNIDAD,15,15,15
506,AZA.JUNTOS,138,139,137
507,FRENTE DE TODOS,59,60,60
508,FRENTE VAMOS CON VOS,7,7,7
,VOTOS NULOS,12,12,11
,VOTOS RECURRIDOS,0,0,0
,VOTOS IMPUGNADOS,0,0,0
,VOTOS EN BLANCO,3,3,3
,TOTALES,270,270,270
ALMIRANTE BROWN,16
NRO,AGRUPACION POLITICA,DIPUTADO NACIONAL,DIPUTADO PROVINCIAL,CARGOS MUNICIPALES
501,AZA.+ VALORES,2,,
27,PARTIDO UNION CELESTE Y BLANCO,,2,3
503,AZA.AVANZA LIBERTAD,26,27,26
504,FTE. DE IZQUIERDA  Y DE TRAB.-UNIDAD,22,20,20
506,AZA.JUNTOS,169,167,166
507,FRENTE DE TODOS,51,52,52
508,FRENTE VAMOS CON VOS,7,7,7
,VOTOS NULOS,2,2,2
,VOTOS RECURRIDOS,0,0,0
,VOTOS IMPUGNADOS,0,0,0
,VOTOS EN BLANCO,3,5,6
,TOTALES,282,282,282
ALMIRANTE BROWN,17
NRO,AGRUPACION POLITICA,DIPUTADO NACIONAL,DIPUTADO PROVINCIAL,CARGOS MUNICIPALES
501,AZA.+ VALORES,6,,
27,PARTIDO UNION CELESTE Y BLANCO,,6,6
503,AZA.AVANZA LIBERTAD,19,19,19
504,FTE. DE IZQUIERDA  Y DE TRAB.-UNIDAD,13,12,11
506,AZA.JUNTOS,138,137,136
507,FRENTE DE TODOS,62,62,63
508,FRENTE VAMOS CON VOS,13,13,13
,VOTOS NULOS,3,3,3
,VOTOS RECURRIDOS,0,0,0
,VOTOS IMPUGNADOS,0,0,0
,VOTOS EN BLANCO,11,13,14
,TOTALES,265,265,265
ALMIRANTE BROWN,18
NRO,AGRUPACION POLITICA,DIPUTADO NACIONAL,DIPUTADO PROVINCIAL,CARGOS MUNICIPALES
501,AZA.+ VALORES,4,,
27,PARTIDO UNION CELESTE Y BLANCO,,4,4
503,AZA.AVANZA LIBERTAD,35,35,34
504,FTE. DE IZQUIERDA  Y DE TRAB.-UNIDAD,15,15,15
506,AZA.JUNTOS,146,146,147
507,FRENTE DE TODOS,48,48,48
508,FRENTE VAMOS CON VOS,3,3,3
,VOTOS NULOS,0,0,0
,VOTOS RECURRIDOS,0,0,0
,VOTOS IMPUGNADOS,0,0,0
,VOTOS EN BLANCO,9,9,9
,TOTALES,260,260,260
ALMIRANTE BROWN,19
NRO,AGRUPACION POLITICA,DIPUTADO NACIONAL,DIPUTADO PROVINCIAL,CARGOS MUNICIPALES
501,AZA.+ VALORES,2,,
27,PARTIDO UNION CELESTE Y BLANCO,,2,2
503,AZA.AVANZA LIBERTAD,21,18,18
504,FTE. DE IZQUIERDA  Y DE TRAB.-UNIDAD,17,18,18
506,AZA.JUNTOS,179,177,179
507,FRENTE DE TODOS,49,49,49
508,FRENTE VAMOS CON VOS,4,4,5
,VOTOS NULOS,2,2,2
,VOTOS RECURRIDOS,0,0,0
,VOTOS IMPUGNADOS,0,0,0
,VOTOS EN BLANCO,3,7,4
,TOTALES,277,277,277
ALMIRANTE BROWN,20
NRO,AGRUPACION POLITICA,DIPUTADO NACIONAL,DIPUTADO PROVINCIAL,CARGOS MUNICIPALES
501,AZA.+ VALORES,2,,
27,PARTIDO UNION CELESTE Y BLANCO,,2,2
503,AZA.AVANZA LIBERTAD,26,26,25
504,FTE. DE IZQUIERDA  Y DE TRAB.-UNIDAD,13,13,15
506,AZA.JUNTOS,143,144,143
507,FRENTE DE TODOS,61,62,62
508,FRENTE VAMOS CON VOS,11,8,9
,VOTOS NULOS,0,0,0
,VOTOS RECURRIDOS,0,0,0
,VOTOS IMPUGNADOS,0,0,0
,VOTOS EN BLANCO,4,5,4
,TOTALES,260,260,260
ALMIRANTE BROWN,21
NRO,AGRUPACION POLITICA,DIPUTADO NACIONAL,DIPUTADO PROVINCIAL,CARGOS MUNICIPALES
501,AZA.+ VALORES,4,,
27,PARTIDO UNION CELESTE Y BLANCO,,4,5
503,AZA.AVANZA LIBERTAD,28,28,28
504,FTE. DE IZQUIERDA  Y DE TRAB.-UNIDAD,14,17,17
506,AZA.JUNTOS,151,148,146
507,FRENTE DE TODOS,43,44,44
508,FRENTE VAMOS CON VOS,17,16,16
,VOTOS NULOS,2,2,2
,VOTOS RECURRIDOS,0,0,0
,VOTOS IMPUGNADOS,0,0,0
,VOTOS EN BLANCO,1,1,2
,TOTALES,260,260,260
ALMIRANTE BROWN,22
NRO,AGRUPACION POLITICA,DIPUTADO NACIONAL,DIPUTADO PROVINCIAL,CARGOS MUNICIPALES
501,AZA.+ VALORES,6,,
27,PARTIDO UNION CELESTE Y BLANCO,,6,7
503,AZA.AVANZA LIBERTAD,21,21,21
504,FTE. DE IZQUIERDA  Y DE TRAB.-UNIDAD,17,17,18
506,AZA.JUNTOS,172,171,169
507,FRENTE DE TODOS,53,54,54
508,FRENTE VAMOS CON VOS,7,7,7
,VOTOS NULOS,2,2,2
,VOTOS RECURRIDOS,0,0,0
,VOTOS IMPUGNADOS,0,0,0
,VOTOS EN BLANCO,1,1,1
,TOTALES,279,279,279
ALMIRANTE BROWN,23
NRO,AGRUPACION POLITICA,DIPUTADO NACIONAL,DIPUTADO PROVINCIAL,CARGOS MUNICIPALES
501,AZA.+ VALORES,5,,
27,PARTIDO UNION CELESTE Y BLANCO,,5,5
503,AZA.AVANZA LIBERTAD,18,18,18
504,FTE. DE IZQUIERDA  Y DE TRAB.-UNIDAD,16,16,15
506,AZA.JUNTOS,155,155,155
507,FRENTE DE TODOS,55,53,54
508,FRENTE VAMOS CON VOS,11,11,11
,VOTOS NULOS,2,2,2
,VOTOS RECURRIDOS,0,0,0
,VOTOS IMPUGNADOS,0,0,0
,VOTOS EN BLANCO,4,6,6
,TOTALES,266,266,266
ALMIRANTE BROWN,24
NRO,AGRUPACION POLITICA,DIPUTADO NACIONAL,DIPUTADO PROVINCIAL,CARGOS MUNICIPALES
501,AZA.+ VALORES,4,,
27,PARTIDO UNION CELESTE Y BLANCO,,5,5
503,AZA.AVANZA LIBERTAD,23,23,23
504,FTE. DE IZQUIERDA  Y DE TRAB.-UNIDAD,12,12,12
506,AZA.JUNTOS,168,167,169
507,FRENTE DE TODOS,51,53,52
508,FRENTE VAMOS CON VOS,4,3,3
,VOTOS NULOS,7,7,7
,VOTOS RECURRIDOS,0,0,0
,VOTOS IMPUGNADOS,0,0,0
,VOTOS EN BLANCO,4,3,2
,TOTALES,273,273,273
ALMIRANTE BROWN,25
NRO,AGRUPACION POLITICA,DIPUTADO NACIONAL,DIPUTADO PROVINCIAL,CARGOS MUNICIPALES
501,AZA.+ VALORES,3,,
27,PARTIDO UNION CELESTE Y BLANCO,,3,3
503,AZA.AVANZA LIBERTAD,28,25,25
504,FTE. DE IZQUIERDA  Y DE TRAB.-UNIDAD,16,16,16
506,AZA.JUNTOS,146,148,144
507,FRENTE DE TODOS,60,62,63
508,FRENTE VAMOS CON VOS,10,9,10
,VOTOS NULOS,1,1,1
,VOTOS RECURRIDOS,0,0,0
,VOTOS IMPUGNADOS,0,0,0
,VOTOS EN BLANCO,2,2,4
,TOTALES,266,266,266
ALMIRANTE BROWN,26
NRO,AGRUPACION POLITICA,DIPUTADO NACIONAL,DIPUTADO PROVINCIAL,CARGOS MUNICIPALES
501,AZA.+ VALORES,3,,
27,PARTIDO UNION CELESTE Y BLANCO,,3,3
503,AZA.AVANZA LIBERTAD,29,29,29
504,FTE. DE IZQUIERDA  Y DE TRAB.-UNIDAD,13,13,13
506,AZA.JUNTOS,149,148,148
507,FRENTE DE TODOS,56,57,57
508,FRENTE VAMOS CON VOS,9,8,9
,VOTOS NULOS,4,4,4
,VOTOS RECURRIDOS,0,0,0
,VOTOS IMPUGNADOS,0,0,0
,VOTOS EN BLANCO,3,4,3
,TOTALES,266,266,266
ALMIRANTE BROWN,27
NRO,AGRUPACION POLITICA,DIPUTADO NACIONAL,DIPUTADO PROVINCIAL,CARGOS MUNICIPALES
501,AZA.+ VALORES,2,,
27,PARTIDO UNION CELESTE Y BLANCO,,1,1
503,AZA.AVANZA LIBERTAD,23,23,23
504,FTE. DE IZQUIERDA  Y DE TRAB.-UNIDAD,12,14,14
506,AZA.JUNTOS,153,154,153
507,FRENTE DE TODOS,50,51,51
508,FRENTE VAMOS CON VOS,12,10,10
,VOTOS NULOS,1,1,1
,VOTOS RECURRIDOS,0,0,0
,VOTOS IMPUGNADOS,0,0,0
,VOTOS EN BLANCO,3,2,3
,TOTALES,256,256,256
